DLL Name,UUT Time,Overhead Time
uut.gcc.dll,266,1
uut.gcc.OPT.dll,258,1
uut.int.dll,92,1
uut.int.OPT.dll,88,1
uut.ms.dll,145,1
uut.ms.OPT.dll,129,1
uut.gcc.dll,259,1
uut.gcc.OPT.dll,260,1
uut.int.dll,88,1
uut.int.OPT.dll,89,1
uut.ms.dll,144,1
uut.ms.OPT.dll,129,1
uut.gcc.dll,259,1
uut.gcc.OPT.dll,258,1
uut.int.dll,88,1
uut.int.OPT.dll,88,1
uut.ms.dll,144,1
uut.ms.OPT.dll,129,1
uut.gcc.dll,257,1
uut.gcc.OPT.dll,257,1
uut.int.dll,88,1
uut.int.OPT.dll,88,1
uut.ms.dll,144,1
uut.ms.OPT.dll,129,1
uut.gcc.dll,257,1
uut.gcc.OPT.dll,239,0
uut.int.dll,52,0
uut.int.OPT.dll,52,0
uut.ms.dll,84,0
uut.ms.OPT.dll,76,0
uut.gcc.dll,152,0
uut.gcc.OPT.dll,151,0
uut.int.dll,52,0
uut.int.OPT.dll,52,0
uut.ms.dll,84,0
uut.ms.OPT.dll,76,0
uut.gcc.dll,152,0
uut.gcc.OPT.dll,151,0
uut.int.dll,52,0
uut.int.OPT.dll,52,0
uut.ms.dll,85,1
uut.ms.OPT.dll,76,0
uut.gcc.dll,153,0
uut.gcc.OPT.dll,152,0
uut.int.dll,58,0
uut.int.OPT.dll,53,0
uut.ms.dll,88,1
uut.ms.OPT.dll,79,1
uut.gcc.dll,156,0
uut.gcc.OPT.dll,152,0
uut.int.dll,53,0
uut.int.OPT.dll,52,0
uut.ms.dll,84,0
uut.ms.OPT.dll,77,0
uut.gcc.dll,151,0
uut.gcc.OPT.dll,111,0
uut.int.dll,36,0
uut.int.OPT.dll,35,0
uut.ms.dll,58,0
uut.ms.OPT.dll,52,0
uut.gcc.dll,104,0
uut.gcc.OPT.dll,105,0
uut.int.dll,36,0
uut.int.OPT.dll,35,0
uut.ms.dll,58,0
uut.ms.OPT.dll,52,0
uut.gcc.dll,104,0
uut.gcc.OPT.dll,104,0
uut.int.dll,35,0
uut.int.OPT.dll,35,0
uut.ms.dll,58,0
uut.ms.OPT.dll,52,0
uut.gcc.dll,104,0
uut.gcc.OPT.dll,104,0
uut.int.dll,35,0
uut.int.OPT.dll,35,0
uut.ms.dll,58,0
uut.ms.OPT.dll,52,0
uut.gcc.dll,104,0
uut.gcc.OPT.dll,104,0
uut.int.dll,35,0
uut.int.OPT.dll,35,0
uut.ms.dll,58,0
uut.ms.OPT.dll,52,0
uut.gcc.dll,104,0
uut.gcc.OPT.dll,104,0
uut.int.dll,35,0
uut.int.OPT.dll,35,0
uut.ms.dll,59,0
uut.ms.OPT.dll,52,0
uut.gcc.dll,104,0
uut.gcc.OPT.dll,104,0
uut.int.dll,35,0
uut.int.OPT.dll,36,0
uut.ms.dll,58,0
uut.ms.OPT.dll,52,0
uut.gcc.dll,104,0
uut.gcc.OPT.dll,104,0
uut.int.dll,35,0
uut.int.OPT.dll,35,0
uut.ms.dll,59,0
uut.ms.OPT.dll,52,0
uut.gcc.dll,104,0
uut.gcc.OPT.dll,104,0
uut.int.dll,35,0
uut.int.OPT.dll,35,0
uut.ms.dll,58,0
uut.ms.OPT.dll,52,0
uut.gcc.dll,104,0
uut.gcc.OPT.dll,104,0
uut.int.dll,35,0
uut.int.OPT.dll,36,0
uut.ms.dll,58,0
uut.ms.OPT.dll,52,0
uut.gcc.dll,104,0
uut.gcc.OPT.dll,104,0
uut.int.dll,35,0
uut.int.OPT.dll,35,0
uut.ms.dll,58,0
uut.ms.OPT.dll,52,0
uut.gcc.dll,104,0
uut.gcc.OPT.dll,104,0
uut.int.dll,35,0
uut.int.OPT.dll,35,0
uut.ms.dll,58,0
uut.ms.OPT.dll,52,0
uut.gcc.dll,104,0
uut.gcc.OPT.dll,104,0
uut.int.dll,35,0
uut.int.OPT.dll,35,0
uut.ms.dll,58,0
uut.ms.OPT.dll,52,0
uut.gcc.dll,104,0
uut.gcc.OPT.dll,104,0
uut.int.dll,35,0
uut.int.OPT.dll,35,0
uut.ms.dll,58,0
uut.ms.OPT.dll,52,0
uut.gcc.dll,104,0
uut.gcc.OPT.dll,104,0
uut.int.dll,35,0
uut.int.OPT.dll,35,0
uut.ms.dll,58,0
uut.ms.OPT.dll,52,0
uut.gcc.dll,105,0
uut.gcc.OPT.dll,104,0
uut.int.dll,35,0
uut.int.OPT.dll,35,0
uut.ms.dll,58,0
uut.ms.OPT.dll,52,0
uut.gcc.dll,104,0
uut.gcc.OPT.dll,104,0
uut.int.dll,35,0
uut.int.OPT.dll,35,0
uut.ms.dll,58,0
uut.ms.OPT.dll,52,0
uut.gcc.dll,104,0
uut.gcc.OPT.dll,104,0
uut.int.dll,35,0
uut.int.OPT.dll,35,0
uut.ms.dll,58,0
uut.ms.OPT.dll,52,0
uut.gcc.dll,104,0
uut.gcc.OPT.dll,104,0
uut.int.dll,35,0
uut.int.OPT.dll,35,0
uut.ms.dll,58,0
uut.ms.OPT.dll,52,0
uut.gcc.dll,104,0
uut.gcc.OPT.dll,104,0
uut.int.dll,36,0
uut.int.OPT.dll,35,0
uut.ms.dll,58,0
uut.ms.OPT.dll,52,0
uut.gcc.dll,104,0
uut.gcc.OPT.dll,104,0
uut.int.dll,35,0
uut.int.OPT.dll,35,0
uut.ms.dll,58,0
uut.ms.OPT.dll,52,0
uut.gcc.dll,104,0
uut.gcc.OPT.dll,104,0
uut.int.dll,35,0
uut.int.OPT.dll,35,0
uut.ms.dll,58,0
uut.ms.OPT.dll,52,0
uut.gcc.dll,105,0
uut.gcc.OPT.dll,104,0
uut.int.dll,36,0
uut.int.OPT.dll,35,0
uut.ms.dll,59,0
uut.ms.OPT.dll,52,0
uut.gcc.dll,105,0
uut.gcc.OPT.dll,104,0
uut.int.dll,35,0
uut.int.OPT.dll,35,0
uut.ms.dll,58,0
uut.ms.OPT.dll,52,0
uut.gcc.dll,104,0
uut.gcc.OPT.dll,104,0
uut.int.dll,35,0
uut.int.OPT.dll,35,0
uut.ms.dll,58,0
uut.ms.OPT.dll,52,0
uut.gcc.dll,104,0
uut.gcc.OPT.dll,104,0
uut.int.dll,35,0
uut.int.OPT.dll,35,0
uut.ms.dll,58,0
uut.ms.OPT.dll,52,0
uut.gcc.dll,104,0
uut.gcc.OPT.dll,104,0
uut.int.dll,35,0
uut.int.OPT.dll,35,0
uut.ms.dll,58,0
uut.ms.OPT.dll,52,0
uut.gcc.dll,104,0
uut.gcc.OPT.dll,104,0
uut.int.dll,35,0
uut.int.OPT.dll,35,0
uut.ms.dll,58,0
uut.ms.OPT.dll,52,0
uut.gcc.dll,104,0
uut.gcc.OPT.dll,104,0
uut.int.dll,35,0
uut.int.OPT.dll,35,0
uut.ms.dll,58,0
uut.ms.OPT.dll,52,0
uut.gcc.dll,104,0
uut.gcc.OPT.dll,104,0
uut.int.dll,35,0
uut.int.OPT.dll,35,0
uut.ms.dll,58,0
uut.ms.OPT.dll,53,0
uut.gcc.dll,106,0
uut.gcc.OPT.dll,104,0
uut.int.dll,35,0
uut.int.OPT.dll,35,0
uut.ms.dll,58,0
uut.ms.OPT.dll,54,0
uut.gcc.dll,108,0
uut.gcc.OPT.dll,109,0
uut.int.dll,39,0
uut.int.OPT.dll,38,0
uut.ms.dll,63,0
uut.ms.OPT.dll,58,0
uut.gcc.dll,106,0
uut.gcc.OPT.dll,104,0
uut.int.dll,36,0
uut.int.OPT.dll,35,0
uut.ms.dll,58,0
uut.ms.OPT.dll,52,0
uut.gcc.dll,104,0
uut.gcc.OPT.dll,104,0
uut.int.dll,36,0
uut.int.OPT.dll,35,0
uut.ms.dll,58,0
uut.ms.OPT.dll,52,0
uut.gcc.dll,104,0
uut.gcc.OPT.dll,105,0
uut.int.dll,35,0
uut.int.OPT.dll,35,0
uut.ms.dll,58,0
uut.ms.OPT.dll,52,0
uut.gcc.dll,104,0
uut.gcc.OPT.dll,104,0
uut.int.dll,35,0
uut.int.OPT.dll,35,0
uut.ms.dll,58,0
uut.ms.OPT.dll,52,0
uut.gcc.dll,104,0
uut.gcc.OPT.dll,104,0
uut.int.dll,35,0
uut.int.OPT.dll,35,0
uut.ms.dll,58,0
uut.ms.OPT.dll,52,0
uut.gcc.dll,104,0
uut.gcc.OPT.dll,104,0
uut.int.dll,36,0
uut.int.OPT.dll,35,0
uut.ms.dll,58,0
uut.ms.OPT.dll,52,0
uut.gcc.dll,104,0
uut.gcc.OPT.dll,104,0
uut.int.dll,35,0
uut.int.OPT.dll,35,0
uut.ms.dll,58,0
uut.ms.OPT.dll,52,0
uut.gcc.dll,104,0
uut.gcc.OPT.dll,104,0
uut.int.dll,36,0
uut.int.OPT.dll,35,0
uut.ms.dll,58,0
uut.ms.OPT.dll,52,0
uut.gcc.dll,104,0
uut.gcc.OPT.dll,104,0
uut.int.dll,35,0
uut.int.OPT.dll,35,0
uut.ms.dll,58,0
uut.ms.OPT.dll,52,0
uut.gcc.dll,104,0
uut.gcc.OPT.dll,104,0
uut.int.dll,35,0
uut.int.OPT.dll,35,0
uut.ms.dll,58,0
uut.ms.OPT.dll,52,0
uut.gcc.dll,104,0
uut.gcc.OPT.dll,104,0
uut.int.dll,35,0
uut.int.OPT.dll,35,0
uut.ms.dll,58,0
uut.ms.OPT.dll,52,0
